<?xml version="1.0" encoding="UTF-8"?>
<Schedules>
    <Schedule Name="Standard">
<tr><th id="Name-s00c00">Period 1</th><th id="Begin-s00c00">07:35:00</th><th id="End-s00c00">08:28:00</th></tr>
<tr><th id="Name-s00c00">Period 2</th><th id="Begin-s00c00">08:34:00</th><th id="End-s00c00">09:27:00</th></tr>
<tr><th id="Name-s00c00">Period 3</th><th id="Begin-s00c00">09:33:00</th><th id="End-s00c00">10:31:00</th></tr>
<tr><th id="Name-s00c00">First Lunch</th><th id="Begin-s00c00">10:37:00</th><th id="End-s00c00">11:07:00</th></tr>
<tr><th id="Name-s00c00">Period 4</th><th id="Begin-s00c00">11:14:00</th><th id="End-s00c00">12:07:00</th></tr>
<tr><th id="Name-s00c00">Period 5</th><th id="Begin-s00c00">12:13:00</th><th id="End-s00c00">13:06:00</th></tr>
<tr><th id="Name-s00c00">Period 6</th><th id="Begin-s00c00">13:12:00</th><th id="End-s00c00">14:05:00</th></tr>
    </Schedule>
<Schedule Name="Standard 2nd Lunch">
<tr><th id="Name-s00c00">Period 1</th><th id="Begin-s00c00">07:35:00</th><th id="End-s00c00">08:28:00</th></tr>
<tr><th id="Name-s00c00">Period 2</th><th id="Begin-s00c00">08:34:00</th><th id="End-s00c00">09:27:00</th></tr>
<tr><th id="Name-s00c00">Period 3</th><th id="Begin-s00c00">09:33:00</th><th id="End-s00c00">10:31:00</th></tr>
<tr><th id="Name-s00c00">Period 4</th><th id="Begin-s00c00">10:37:00</th><th id="End-s00c00">11:30:00</th></tr>
<tr><th id="Name-s00c00">Second Lunch</th><th id="Begin-s00c00">11:36:00</th><th id="End-s00c00">12:06:00</th></tr>
<tr><th id="Name-s00c00">Period 5</th><th id="Begin-s00c00">12:13:00</th><th id="End-s00c00">13:06:00</th></tr>
<tr><th id="Name-s00c00">Period 6</th><th id="Begin-s00c00">13:12:00</th><th id="End-s00c00">14:05:00</th></tr>
    </Schedule>
    <Schedule Name="TigerPride: 18min">
<tr><th id="Name-s00c00">Period 1</th><th id="Begin-s00c00">07:35:00</th><th id="End-s00c00">08:25:00</th></tr>
<tr><th id="Name-s00c00">Period 2</th><th id="Begin-s00c00">08:30:00</th><th id="End-s00c00">09:20:00</th></tr>
<tr><th id="Name-s00c00">Period 3</th><th id="Begin-s00c00">09:25:00</th><th id="End-s00c00">10:19:00</th></tr>
<tr><th id="Name-s00c00">Tiger Pride</th><th id="Begin-s00c00">10:24:00</th><th id="End-s00c00">10:42:00</th></tr>
<tr><th id="Name-s00c00">First Lunch</th><th id="Begin-s00c00">10:42:00</th><th id="End-s00c00">11:20:00</th></tr>
<tr><th id="Name-s00c00">Period 4</th><th id="Begin-s00c00">11:25:00</th><th id="End-s00c00">12:15:00</th></tr>
<tr><th id="Name-s00c00">Period 5</th><th id="Begin-s00c00">12:20:00</th><th id="End-s00c00">13:10:00</th></tr>
<tr><th id="Name-s00c00">Period 6</th><th id="Begin-s00c00">13:15:00</th><th id="End-s00c00">14:05:00</th></tr>
	</Schedule>
	<Schedule Name="TigerPride: 25min">
<tr><th id="Name-s00c00">Period 1</th><th id="Begin-s00c00">07:35:00</th><th id="End-s00c00">08:25:00</th></tr>
<tr><th id="Name-s00c00">Period 2</th><th id="Begin-s00c00">08:30:00</th><th id="End-s00c00">09:20:00</th></tr>
<tr><th id="Name-s00c00">Period 3</th><th id="Begin-s00c00">09:25:00</th><th id="End-s00c00">10:15:00</th></tr>
<tr><th id="Name-s00c00">Tiger Pride</th><th id="Begin-s00c00">10:20:00</th><th id="End-s00c00">10:45:00</th></tr>
<tr><th id="Name-s00c00">First Lunch</th><th id="Begin-s00c00">10:45:00</th><th id="End-s00c00">11:23:00</th></tr>
<tr><th id="Name-s00c00">Period 4</th><th id="Begin-s00c00">11:28:00</th><th id="End-s00c00">12:18:00</th></tr>
<tr><th id="Name-s00c00">Period 5</th><th id="Begin-s00c00">12:13:00</th><th id="End-s00c00">13:13:00</th></tr>
<tr><th id="Name-s00c00">Period 6</th><th id="Begin-s00c00">13:18:00</th><th id="End-s00c00">14:05:00</th></tr>
	</Schedule>
	<Schedule Name="TigerPride: 36mins">
<tr><th id="Name-s00c00">Period 1</th><th id="Begin-s00c00">07:35:00</th><th id="End-s00c00">08:23:00</th></tr>
<tr><th id="Name-s00c00">Period 2</th><th id="Begin-s00c00">08:28:00</th><th id="End-s00c00">09:16:00</th></tr>
<tr><th id="Name-s00c00">Period 3</th><th id="Begin-s00c00">09:21:00</th><th id="End-s00c00">10:09:00</th></tr>
<tr><th id="Name-s00c00">Tiger Pride</th><th id="Begin-s00c00">10:14:00</th><th id="End-s00c00">10:50:00</th></tr>
<tr><th id="Name-s00c00">First Lunch</th><th id="Begin-s00c00">10:50:00</th><th id="End-s00c00">11:28:00</th></tr>
<tr><th id="Name-s00c00">Period 4</th><th id="Begin-s00c00">11:33:00</th><th id="End-s00c00">12:21:00</th></tr>
<tr><th id="Name-s00c00">Period 5</th><th id="Begin-s00c00">12:26:00</th><th id="End-s00c00">13:14:00</th></tr>
<tr><th id="Name-s00c00">Period 6</th><th id="Begin-s00c00">13:19:00</th><th id="End-s00c00">14:05:00</th></tr>
	</Schedule>
	<Schedule Name="Assembly: Period 3">
<tr><th id="Name-s00c00">Period 1</th><th id="Begin-s00c00">07:35:00</th><th id="End-s00c00">08:18:00</th></tr>
<tr><th id="Name-s00c00">Period 2</th><th id="Begin-s00c00">08:24:00</th><th id="End-s00c00">09:07:00</th></tr>
<tr><th id="Name-s00c00">Period 3</th><th id="Begin-s00c00">09:13:00</th><th id="End-s00c00">09:55:59</th></tr>
<tr><th id="Name-s00c00">Announcements &amp; Dismissal</th><th id="Begin-s00c00">09:56:00</th><th id="End-s00c00">10:15:59</th></tr>
<tr><th id="Name-s00c00">Assembly</th><th id="Begin-s00c00">10:16:00</th><th id="End-s00c00">11:02:00</th></tr>
<tr><th id="Name-s00c00">First Lunch</th><th id="Begin-s00c00">11:08:00</th><th id="End-s00c00">11:38:00</th></tr>
<tr><th id="Name-s00c00">Period 4</th><th id="Begin-s00c00">11:44:00</th><th id="End-s00c00">12:27:00</th></tr>
<tr><th id="Name-s00c00">Period 5</th><th id="Begin-s00c00">12:33:00</th><th id="End-s00c00">13:16:00</th></tr>
<tr><th id="Name-s00c00">Period 6</th><th id="Begin-s00c00">13:22:00</th><th id="End-s00c00">14:05:00</th></tr>
	</Schedule>
	<Schedule Name="Assembly: Period 6">
<tr><th id="Name-s00c00">Period 1</th><th id="Begin-s00c00">07:35:00</th><th id="End-s00c00">08:18:00</th></tr>
<tr><th id="Name-s00c00">Period 2</th><th id="Begin-s00c00">08:24:00</th><th id="End-s00c00">09:07:00</th></tr>
<tr><th id="Name-s00c00">Period 3</th><th id="Begin-s00c00">09:13:00</th><th id="End-s00c00">09:56:00</th></tr>
<tr><th id="Name-s00c00">First Lunch</th><th id="Begin-s00c00">10:02:00</th><th id="End-s00c00">10:32:00</th></tr>
<tr><th id="Name-s00c00">Period 4</th><th id="Begin-s00c00">10:38:00</th><th id="End-s00c00">11:21:00</th></tr>
<tr><th id="Name-s00c00">Period 5</th><th id="Begin-s00c00">11:27:00</th><th id="End-s00c00">12:10:00</th></tr>
<tr><th id="Name-s00c00">Period 6</th><th id="Begin-s00c00">12:16:00</th><th id="End-s00c00">12:58:99</th></tr>
<tr><th id="Name-s00c00">Announcements</th><th id="Begin-s00c00">12:59:00</th><th id="End-s00c00">13:04:59</th></tr>
<tr><th id="Name-s00c00">Dismissal</th><th id="Begin-s00c00">13:05:00</th><th id="End-s00c00">13:10:00</th></tr>
<tr><th id="Name-s00c00">Assembly</th><th id="Begin-s00c00">13:15:00</th><th id="End-s00c00">14:05:00</th></tr>
	</Schedule>
	<Schedule Name="FinalExams - 1st Lunch">
<tr><th id="Name-s00c00">Exam 1|2</th><th id="Begin-s00c00">07:35:00</th><th id="End-s00c00">09:25:00</th></tr>
<tr><th id="Name-s00c00">1st Lunch</th><th id="Begin-s00c00">09:35:00</th><th id="End-s00c00">10:05:00</th></tr>
<tr><th id="Name-s00c00">Exam 3|4</th><th id="Begin-s00c00">10:15:00</th><th id="End-s00c00">12:05:00</th></tr>
<tr><th id="Name-s00c00">Exam 5|6</th><th id="Begin-s00c00">12:15:00</th><th id="End-s00c00">14:05:00</th></tr>
	</Schedule>
	<Schedule Name="FinalExams - 2nd Lunch">
<tr><th id="Name-s00c00">Exam 1|2</th><th id="Begin-s00c00">07:35:00</th><th id="End-s00c00">09:25:00</th></tr>
<tr><th id="Name-s00c00">Exam 3|4</th><th id="Begin-s00c00">09:30:00</th><th id="End-s00c00">11:25:00</th></tr>
<tr><th id="Name-s00c00">1st Lunch</th><th id="Begin-s00c00">11:35:00</th><th id="End-s00c00">12:05:00</th></tr>
<tr><th id="Name-s00c00">Exam 5|6</th><th id="Begin-s00c00">12:15:00</th><th id="End-s00c00">14:05:00</th></tr>
	</Schedule>
</Schedules>
