<?xml version="1.0" encoding="UTF-8"?>
<Schedules>
    <Schedule Name="Standard">
    	<Class Name="Period 1" Begin="07:35:00" End="08:28:00" />
    	<Class Name="Period 2" Begin="08:34:00" End="09:27:00" />
    	<Class Name="Period 3" Begin="09:33:00" End="10:31:00" />
    	<Class Name="First Lunch" Begin="10:37:00" End="11:07:00" />
    	<Class Name="Period 4" Begin="11:14:00" End="12:07:00" />
    	<Class Name="Period 5" Begin="12:13:00" End="13:06:00" />
    	<Class Name="Period 6" Begin="13:12:00" End="14:05:00" />
    </Schedule>
	<Schedule Name="Standard 2nd Lunch">
    	<Class Name="Period 1" Begin="07:35:00" End="08:28:00" />
    	<Class Name="Period 2" Begin="08:34:00" End="09:27:00" />
    	<Class Name="Period 3" Begin="09:33:00" End="10:31:00" />
    	<Class Name="Period 4" Begin="10:37:00" End="11:30:00" />
    	<Class Name="Second Lunch" Begin="11:36:00" End="12:06:00" />
    	<Class Name="Period 5" Begin="12:13:00" End="13:06:00" />
    	<Class Name="Period 6" Begin="13:12:00" End="14:05:00" />
	</Schedule>
</Schedules>
