<?xml version="1.0" encoding="UTF-8"?>
<Schedules>
    <Schedule Name="Standard">
    	<Class Name="Period 1" Start="07:35:00" End="08:28:00" />
    	<Class Name="Period 2" Start="08:34:00" End="09:27:00" />
    	<Class Name="Period 3" Start="09:33:00" End="10:31:00" />
    	<Class Name="First Lunch" Start="10:37:00" End="11:07:00" />
    	<Class Name="Period 4" Start="11:14:00" End="12:07:00" />
    	<Class Name="Period 5" Start="12:13:00" End="13:06:00" />
    	<Class Name="Period 6" Start="13:12:00" End="14:05:00" />
    </Schedule>
    <Schedule Name="TigerPride: 18min">
    	<Class Name="Period 1" Start="07:35:00" End="08:25:00" />
    	<Class Name="Period 2" Start="08:30:00" End="09:20:00" />
    	<Class Name="Period 3" Start="09:25:00" End="10:19:00" />
    	<Class Name="Tiger Pride" Start="10:24:00" End="10:42:00" />
    	<Class Name="First Lunch" Start="10:42:00" End="11:20:00" />
    	<Class Name="Period 4" Start="11:25:00" End="12:15:00" />
		<Class Name="Period 5" Start="12:20:00" End="13:10:00" />
		<Class Name="Period 6" Start="13:15:00" End="14:05:00" />
	</Schedule>
	<Schedule Name="TigerPride: 25min">
		<Class Name="Period 1" Start="07:35:00" End="08:25:00" />
		<Class Name="Period 2" Start="08:30:00" End="09:20:00" />
		<Class Name="Period 3" Start="09:25:00" End="10:15:00" />
		<Class Name="Tiger Pride" Start="10:20:00" End="10:45:00" />
		<Class Name="First Lunch" Start="10:45:00" End="11:23:00" />
		<Class Name="Period 4" Start="11:28:00" End="12:18:00" />
		<Class Name="Period 5" Start="12:13:00" End="13:13:00" />
		<Class Name="Period 6" Start="13:18:00" End="14:05:00" />
	</Schedule>
	<Schedule Name="TigerPride: 36mins">
		<Class Name="Period 1" Start="07:35:00" End="08:23:00" />
		<Class Name="Period 2" Start="08:28:00" End="09:16:00" />
		<Class Name="Period 3" Start="09:21:00" End="10:09:00" />
		<Class Name="Tiger Pride" Start="10:14:00" End="10:50:00" />
		<Class Name="First Lunch" Start="10:50:00" End="11:28:00" />
		<Class Name="Period 4" Start="11:33:00" End="12:21:00" />
		<Class Name="Period 5" Start="12:26:00" End="13:14:00" />
		<Class Name="Period 6" Start="13:19:00" End="14:05:00" />
	</Schedule>
	<Schedule Name="Assembly: Period 3">
		<Class Name="Period 1" Start="07:35:00" End="08:18:00" />
		<Class Name="Period 2" Start="08:24:00" End="09:07:00" />
		<Class Name="Period 3" Start="09:13:00" End="09:55:59" />
		<Class Name="Announcements &amp; Dismissal" Start="09:56:00" End="10:15:59" />
		<Class Name="Assembly" Start="10:16:00" End="11:02:00" />
		<Class Name="First Lunch" Start="11:08:00" End="11:38:00" />
		<Class Name="Period 4" Start="11:44:00" End="12:27:00" />
		<Class Name="Period 5" Start="12:33:00" End="13:16:00" />
		<Class Name="Period 6" Start="13:22:00" End="14:05:00" />
	</Schedule>
	<Schedule Name="Assembly: Period 6">
		<Class Name="Period 1" Start="07:35:00" End="08:18:00" />
		<Class Name="Period 2" Start="08:24:00" End="09:07:00" />
		<Class Name="Period 3" Start="09:13:00" End="09:56:00" />
		<Class Name="First Lunch" Start="10:02:00" End="10:32:00" />
		<Class Name="Period 4" Start="10:38:00" End="11:21:00" />
		<Class Name="Period 5" Start="11:27:00" End="12:10:00" />
		<Class Name="Period 6" Start="12:16:00" End="12:58:99" />
		<Class Name="Announcements" Start="12:59:00" End="13:04:59" />
		<Class Name="Dismissal" Start="13:05:00" End="13:10:00" />
		<Class Name="Assembly" Start="13:15:00" End="14:05:00" />
	</Schedule>
	<Schedule Name="FinalExams - 1st Lunch">
	    <Class Name="Exam 1|2" Start="07:35:00" End="09:25:00" />
	    <Class Name="1st Lunch" Start="09:35:00" End="10:05:00" />
	    <Class Name="Exam 3|4" Start="10:15:00" End="12:05:00" />
	    <Class Name="Exam 5|6" Start="12:15:00" End="14:05:00" />
	</Schedule>
	<Schedule Name="FinalExams - 2nd Lunch">
		<Class Name="Exam 1|2" Start="07:35:00" End="09:25:00" />
		<Class Name="Exam 3|4" Start="09:30:00" End="11:25:00" />
		<Class Name="1st Lunch" Start="11:35:00" End="12:05:00" />
		<Class Name="Exam 5|6" Start="12:15:00" End="14:05:00" />
	</Schedule>
</Schedules>